C:/GGTS/workspace/Mestrado/FPFNAnalysis/projects/realm-java/revisions/rev_cfe2d_2b81a/rev_cfe2d-2b81a;\examples\gridViewExample\src\main\java\io\realm\examples\realmgridview\City;getName()
C:/GGTS/workspace/Mestrado/FPFNAnalysis/projects/realm-java/revisions/rev_cfe2d_2b81a/rev_cfe2d-2b81a;\examples\gridViewExample\src\main\java\io\realm\examples\realmgridview\City;setName(String)
C:/GGTS/workspace/Mestrado/FPFNAnalysis/projects/realm-java/revisions/rev_cfe2d_2b81a/rev_cfe2d-2b81a;\examples\gridViewExample\src\main\java\io\realm\examples\realmgridview\City;getVotes()
C:/GGTS/workspace/Mestrado/FPFNAnalysis/projects/realm-java/revisions/rev_cfe2d_2b81a/rev_cfe2d-2b81a;\examples\gridViewExample\src\main\java\io\realm\examples\realmgridview\City;setVotes(long)
C:/GGTS/workspace/Mestrado/FPFNAnalysis/projects/realm-java/revisions/rev_cfe2d_2b81a/rev_cfe2d-2b81a;\examples\gridViewExample\src\main\java\io\realm\examples\realmgridview\CityAdapter;setData(List<City>)
C:/GGTS/workspace/Mestrado/FPFNAnalysis/projects/realm-java/revisions/rev_cfe2d_2b81a/rev_cfe2d-2b81a;\examples\gridViewExample\src\main\java\io\realm\examples\realmgridview\CityAdapter;getCount()
C:/GGTS/workspace/Mestrado/FPFNAnalysis/projects/realm-java/revisions/rev_cfe2d_2b81a/rev_cfe2d-2b81a;\examples\gridViewExample\src\main\java\io\realm\examples\realmgridview\CityAdapter;getItem(int)
C:/GGTS/workspace/Mestrado/FPFNAnalysis/projects/realm-java/revisions/rev_cfe2d_2b81a/rev_cfe2d-2b81a;\examples\gridViewExample\src\main\java\io\realm\examples\realmgridview\CityAdapter;getItemId(int)
C:/GGTS/workspace/Mestrado/FPFNAnalysis/projects/realm-java/revisions/rev_cfe2d_2b81a/rev_cfe2d-2b81a;\examples\gridViewExample\src\main\java\io\realm\examples\realmgridview\CityAdapter;getView(int,View,ViewGroup)
C:/GGTS/workspace/Mestrado/FPFNAnalysis/projects/realm-java/revisions/rev_cfe2d_2b81a/rev_cfe2d-2b81a;\examples\gridViewExample\src\main\java\io\realm\examples\realmgridview\CityLoader;onStartLoading()
C:/GGTS/workspace/Mestrado/FPFNAnalysis/projects/realm-java/revisions/rev_cfe2d_2b81a/rev_cfe2d-2b81a;\examples\gridViewExample\src\main\java\io\realm\examples\realmgridview\CityLoader;loadInBackground()
C:/GGTS/workspace/Mestrado/FPFNAnalysis/projects/realm-java/revisions/rev_cfe2d_2b81a/rev_cfe2d-2b81a;\examples\gridViewExample\src\main\java\io\realm\examples\realmgridview\CityLoader;getGson()
C:/GGTS/workspace/Mestrado/FPFNAnalysis/projects/realm-java/revisions/rev_cfe2d_2b81a/rev_cfe2d-2b81a;\examples\gridViewExample\src\main\java\io\realm\examples\realmgridview\CityLoader;loadCities()
C:/GGTS/workspace/Mestrado/FPFNAnalysis/projects/realm-java/revisions/rev_cfe2d_2b81a/rev_cfe2d-2b81a;\examples\gridViewExample\src\main\java\io\realm\examples\realmgridview\RealmExampleActivity;onCreate(Bundle)
C:/GGTS/workspace/Mestrado/FPFNAnalysis/projects/realm-java/revisions/rev_cfe2d_2b81a/rev_cfe2d-2b81a;\examples\gridViewExample\src\main\java\io\realm\examples\realmgridview\RealmExampleActivity;onResume()
C:/GGTS/workspace/Mestrado/FPFNAnalysis/projects/realm-java/revisions/rev_cfe2d_2b81a/rev_cfe2d-2b81a;\examples\gridViewExample\src\main\java\io\realm\examples\realmgridview\RealmExampleActivity;onCreateLoader(int,Bundle)
C:/GGTS/workspace/Mestrado/FPFNAnalysis/projects/realm-java/revisions/rev_cfe2d_2b81a/rev_cfe2d-2b81a;\examples\gridViewExample\src\main\java\io\realm\examples\realmgridview\RealmExampleActivity;onLoadFinished(Loader<List<City>>,List<City>)
C:/GGTS/workspace/Mestrado/FPFNAnalysis/projects/realm-java/revisions/rev_cfe2d_2b81a/rev_cfe2d-2b81a;\examples\gridViewExample\src\main\java\io\realm\examples\realmgridview\RealmExampleActivity;updateCities()
C:/GGTS/workspace/Mestrado/FPFNAnalysis/projects/realm-java/revisions/rev_cfe2d_2b81a/rev_cfe2d-2b81a;\examples\gridViewExample\src\main\java\io\realm\examples\realmgridview\RealmExampleActivity;onLoaderReset(Loader<List<City>>)
C:/GGTS/workspace/Mestrado/FPFNAnalysis/projects/realm-java/revisions/rev_cfe2d_2b81a/rev_cfe2d-2b81a;\examples\gridViewExample\src\main\java\io\realm\examples\realmgridview\RealmExampleActivity;onCreateOptionsMenu(Menu)
C:/GGTS/workspace/Mestrado/FPFNAnalysis/projects/realm-java/revisions/rev_cfe2d_2b81a/rev_cfe2d-2b81a;\examples\gridViewExample\src\main\java\io\realm\examples\realmgridview\RealmExampleActivity;onOptionsItemSelected(MenuItem)
C:/GGTS/workspace/Mestrado/FPFNAnalysis/projects/realm-java/revisions/rev_cfe2d_2b81a/rev_cfe2d-2b81a;\examples\gridViewExample\src\main\java\io\realm\examples\realmgridview\RealmExampleActivity;onItemClick(AdapterView<?>,View,int,long)
C:/GGTS/workspace/Mestrado/FPFNAnalysis/projects/realm-java/revisions/rev_cfe2d_2b81a/rev_cfe2d-2b81a;\examples\introExample\src\main\java\io\realm\examples\realmintroexample\RealmIntroExampleActivity;onCreate(Bundle)
C:/GGTS/workspace/Mestrado/FPFNAnalysis/projects/realm-java/revisions/rev_cfe2d_2b81a/rev_cfe2d-2b81a;\examples\introExample\src\main\java\io\realm\examples\realmintroexample\RealmIntroExampleActivity;basicReadWrite()
C:/GGTS/workspace/Mestrado/FPFNAnalysis/projects/realm-java/revisions/rev_cfe2d_2b81a/rev_cfe2d-2b81a;\examples\introExample\src\main\java\io\realm\examples\realmintroexample\RealmIntroExampleActivity;basicQuery()
C:/GGTS/workspace/Mestrado/FPFNAnalysis/projects/realm-java/revisions/rev_cfe2d_2b81a/rev_cfe2d-2b81a;\examples\introExample\src\main\java\io\realm\examples\realmintroexample\RealmIntroExampleActivity;basicUpdate()
C:/GGTS/workspace/Mestrado/FPFNAnalysis/projects/realm-java/revisions/rev_cfe2d_2b81a/rev_cfe2d-2b81a;\examples\introExample\src\main\java\io\realm\examples\realmintroexample\RealmIntroExampleActivity;showStatus(String)
C:/GGTS/workspace/Mestrado/FPFNAnalysis/projects/realm-java/revisions/rev_cfe2d_2b81a/rev_cfe2d-2b81a;\examples\introExample\src\main\java\io\realm\examples\realmintroexample\RealmIntroExampleActivity;complexReadWrite()
C:/GGTS/workspace/Mestrado/FPFNAnalysis/projects/realm-java/revisions/rev_cfe2d_2b81a/rev_cfe2d-2b81a;\examples\introExample\src\main\java\io\realm\examples\realmintroexample\RealmIntroExampleActivity;complexQuery()
C:/GGTS/workspace/Mestrado/FPFNAnalysis/projects/realm-java/revisions/rev_cfe2d_2b81a/rev_cfe2d-2b81a;\examples\introExample\src\main\java\io\realm\examples\realmintroexample\model\Cat;getName()
C:/GGTS/workspace/Mestrado/FPFNAnalysis/projects/realm-java/revisions/rev_cfe2d_2b81a/rev_cfe2d-2b81a;\examples\introExample\src\main\java\io\realm\examples\realmintroexample\model\Cat;setName(String)
C:/GGTS/workspace/Mestrado/FPFNAnalysis/projects/realm-java/revisions/rev_cfe2d_2b81a/rev_cfe2d-2b81a;\examples\introExample\src\main\java\io\realm\examples\realmintroexample\model\Dog;getName()
C:/GGTS/workspace/Mestrado/FPFNAnalysis/projects/realm-java/revisions/rev_cfe2d_2b81a/rev_cfe2d-2b81a;\examples\introExample\src\main\java\io\realm\examples\realmintroexample\model\Dog;setName(String)
C:/GGTS/workspace/Mestrado/FPFNAnalysis/projects/realm-java/revisions/rev_cfe2d_2b81a/rev_cfe2d-2b81a;\examples\introExample\src\main\java\io\realm\examples\realmintroexample\model\Person;getName()
C:/GGTS/workspace/Mestrado/FPFNAnalysis/projects/realm-java/revisions/rev_cfe2d_2b81a/rev_cfe2d-2b81a;\examples\introExample\src\main\java\io\realm\examples\realmintroexample\model\Person;setName(String)
C:/GGTS/workspace/Mestrado/FPFNAnalysis/projects/realm-java/revisions/rev_cfe2d_2b81a/rev_cfe2d-2b81a;\examples\introExample\src\main\java\io\realm\examples\realmintroexample\model\Person;getAge()
C:/GGTS/workspace/Mestrado/FPFNAnalysis/projects/realm-java/revisions/rev_cfe2d_2b81a/rev_cfe2d-2b81a;\examples\introExample\src\main\java\io\realm\examples\realmintroexample\model\Person;setAge(int)
C:/GGTS/workspace/Mestrado/FPFNAnalysis/projects/realm-java/revisions/rev_cfe2d_2b81a/rev_cfe2d-2b81a;\examples\introExample\src\main\java\io\realm\examples\realmintroexample\model\Person;getDog()
C:/GGTS/workspace/Mestrado/FPFNAnalysis/projects/realm-java/revisions/rev_cfe2d_2b81a/rev_cfe2d-2b81a;\examples\introExample\src\main\java\io\realm\examples\realmintroexample\model\Person;setDog(Dog)
C:/GGTS/workspace/Mestrado/FPFNAnalysis/projects/realm-java/revisions/rev_cfe2d_2b81a/rev_cfe2d-2b81a;\examples\introExample\src\main\java\io\realm\examples\realmintroexample\model\Person;getCats()
C:/GGTS/workspace/Mestrado/FPFNAnalysis/projects/realm-java/revisions/rev_cfe2d_2b81a/rev_cfe2d-2b81a;\examples\introExample\src\main\java\io\realm\examples\realmintroexample\model\Person;setCats(RealmList<Cat>)
C:/GGTS/workspace/Mestrado/FPFNAnalysis/projects/realm-java/revisions/rev_cfe2d_2b81a/rev_cfe2d-2b81a;\examples\introExample\src\main\java\io\realm\examples\realmintroexample\model\Person;getTempReference()
C:/GGTS/workspace/Mestrado/FPFNAnalysis/projects/realm-java/revisions/rev_cfe2d_2b81a/rev_cfe2d-2b81a;\examples\introExample\src\main\java\io\realm\examples\realmintroexample\model\Person;setTempReference(int)
C:/GGTS/workspace/Mestrado/FPFNAnalysis/projects/realm-java/revisions/rev_cfe2d_2b81a/rev_cfe2d-2b81a;\realm\src\main\java\io\realm\Realm;beginTransaction()
C:/GGTS/workspace/Mestrado/FPFNAnalysis/projects/realm-java/revisions/rev_cfe2d_2b81a/rev_cfe2d-2b81a;\realm\src\main\java\io\realm\Realm;commitTransaction()
C:/GGTS/workspace/Mestrado/FPFNAnalysis/projects/realm-java/revisions/rev_46df8_fa049/rev_46df8-fa049;\examples\concurrencyExample\src\main\java\io\realm\examples\concurrency\BgReaderThread;run()
C:/GGTS/workspace/Mestrado/FPFNAnalysis/projects/realm-java/revisions/rev_46df8_fa049/rev_46df8-fa049;\examples\concurrencyExample\src\main\java\io\realm\examples\concurrency\BgReaderThread;terminate()
C:/GGTS/workspace/Mestrado/FPFNAnalysis/projects/realm-java/revisions/rev_46df8_fa049/rev_46df8-fa049;\examples\concurrencyExample\src\main\java\io\realm\examples\concurrency\BgService;onHandleIntent(Intent)
C:/GGTS/workspace/Mestrado/FPFNAnalysis/projects/realm-java/revisions/rev_46df8_fa049/rev_46df8-fa049;\examples\concurrencyExample\src\main\java\io\realm\examples\concurrency\BgService;onDestroy()
C:/GGTS/workspace/Mestrado/FPFNAnalysis/projects/realm-java/revisions/rev_46df8_fa049/rev_46df8-fa049;\examples\concurrencyExample\src\main\java\io\realm\examples\concurrency\BgSpawningService;onCreate()
C:/GGTS/workspace/Mestrado/FPFNAnalysis/projects/realm-java/revisions/rev_46df8_fa049/rev_46df8-fa049;\examples\concurrencyExample\src\main\java\io\realm\examples\concurrency\BgSpawningService;onStartCommand(Intent,int,int)
C:/GGTS/workspace/Mestrado/FPFNAnalysis/projects/realm-java/revisions/rev_46df8_fa049/rev_46df8-fa049;\examples\concurrencyExample\src\main\java\io\realm\examples\concurrency\BgSpawningService;onDestroy()
C:/GGTS/workspace/Mestrado/FPFNAnalysis/projects/realm-java/revisions/rev_46df8_fa049/rev_46df8-fa049;\examples\concurrencyExample\src\main\java\io\realm\examples\concurrency\BgSpawningService;onBind(Intent)
C:/GGTS/workspace/Mestrado/FPFNAnalysis/projects/realm-java/revisions/rev_46df8_fa049/rev_46df8-fa049;\examples\concurrencyExample\src\main\java\io\realm\examples\concurrency\BgSpawningService;quit()
C:/GGTS/workspace/Mestrado/FPFNAnalysis/projects/realm-java/revisions/rev_46df8_fa049/rev_46df8-fa049;\examples\concurrencyExample\src\main\java\io\realm\examples\concurrency\BgWriterThread;run()
C:/GGTS/workspace/Mestrado/FPFNAnalysis/projects/realm-java/revisions/rev_46df8_fa049/rev_46df8-fa049;\examples\concurrencyExample\src\main\java\io\realm\examples\concurrency\BgWriterThread;terminate()
C:/GGTS/workspace/Mestrado/FPFNAnalysis/projects/realm-java/revisions/rev_46df8_fa049/rev_46df8-fa049;\examples\concurrencyExample\src\main\java\io\realm\examples\concurrency\KillableThread;terminate()
C:/GGTS/workspace/Mestrado/FPFNAnalysis/projects/realm-java/revisions/rev_46df8_fa049/rev_46df8-fa049;\examples\concurrencyExample\src\main\java\io\realm\examples\concurrency\RealmExampleActivity;onCreate(Bundle)
C:/GGTS/workspace/Mestrado/FPFNAnalysis/projects/realm-java/revisions/rev_46df8_fa049/rev_46df8-fa049;\examples\concurrencyExample\src\main\java\io\realm\examples\concurrency\RealmExampleActivity;onResume()
C:/GGTS/workspace/Mestrado/FPFNAnalysis/projects/realm-java/revisions/rev_46df8_fa049/rev_46df8-fa049;\examples\concurrencyExample\src\main\java\io\realm\examples\concurrency\RealmExampleActivity;onStop()
C:/GGTS/workspace/Mestrado/FPFNAnalysis/projects/realm-java/revisions/rev_46df8_fa049/rev_46df8-fa049;\examples\concurrencyExample\src\main\java\io\realm\examples\concurrency\RealmExampleActivity;onCreateOptionsMenu(Menu)
C:/GGTS/workspace/Mestrado/FPFNAnalysis/projects/realm-java/revisions/rev_46df8_fa049/rev_46df8-fa049;\examples\concurrencyExample\src\main\java\io\realm\examples\concurrency\RealmExampleActivity;onOptionsItemSelected(MenuItem)
C:/GGTS/workspace/Mestrado/FPFNAnalysis/projects/realm-java/revisions/rev_46df8_fa049/rev_46df8-fa049;\examples\concurrencyExample\src\main\java\io\realm\examples\concurrency\RealmExampleActivity;onClick(View)
C:/GGTS/workspace/Mestrado/FPFNAnalysis/projects/realm-java/revisions/rev_46df8_fa049/rev_46df8-fa049;\examples\concurrencyExample\src\main\java\io\realm\examples\concurrency\RealmExampleActivity;initDb()
C:/GGTS/workspace/Mestrado/FPFNAnalysis/projects/realm-java/revisions/rev_46df8_fa049/rev_46df8-fa049;\examples\concurrencyExample\src\main\java\io\realm\examples\concurrency\RealmExampleActivity;start()
C:/GGTS/workspace/Mestrado/FPFNAnalysis/projects/realm-java/revisions/rev_46df8_fa049/rev_46df8-fa049;\examples\concurrencyExample\src\main\java\io\realm\examples\concurrency\RealmExampleActivity;stop()
C:/GGTS/workspace/Mestrado/FPFNAnalysis/projects/realm-java/revisions/rev_46df8_fa049/rev_46df8-fa049;\examples\concurrencyExample\src\main\java\io\realm\examples\concurrency\RealmExampleActivity;restart()
C:/GGTS/workspace/Mestrado/FPFNAnalysis/projects/realm-java/revisions/rev_46df8_fa049/rev_46df8-fa049;\examples\concurrencyExample\src\main\java\io\realm\examples\concurrency\model\Cat;getName()
C:/GGTS/workspace/Mestrado/FPFNAnalysis/projects/realm-java/revisions/rev_46df8_fa049/rev_46df8-fa049;\examples\concurrencyExample\src\main\java\io\realm\examples\concurrency\model\Cat;setName(String)
C:/GGTS/workspace/Mestrado/FPFNAnalysis/projects/realm-java/revisions/rev_46df8_fa049/rev_46df8-fa049;\examples\concurrencyExample\src\main\java\io\realm\examples\concurrency\model\Cat;toString()
C:/GGTS/workspace/Mestrado/FPFNAnalysis/projects/realm-java/revisions/rev_46df8_fa049/rev_46df8-fa049;\examples\concurrencyExample\src\main\java\io\realm\examples\concurrency\model\Dog;getName()
C:/GGTS/workspace/Mestrado/FPFNAnalysis/projects/realm-java/revisions/rev_46df8_fa049/rev_46df8-fa049;\examples\concurrencyExample\src\main\java\io\realm\examples\concurrency\model\Dog;setName(String)
C:/GGTS/workspace/Mestrado/FPFNAnalysis/projects/realm-java/revisions/rev_46df8_fa049/rev_46df8-fa049;\examples\concurrencyExample\src\main\java\io\realm\examples\concurrency\model\Dog;toString()
C:/GGTS/workspace/Mestrado/FPFNAnalysis/projects/realm-java/revisions/rev_46df8_fa049/rev_46df8-fa049;\examples\concurrencyExample\src\main\java\io\realm\examples\concurrency\model\Person;getName()
C:/GGTS/workspace/Mestrado/FPFNAnalysis/projects/realm-java/revisions/rev_46df8_fa049/rev_46df8-fa049;\examples\concurrencyExample\src\main\java\io\realm\examples\concurrency\model\Person;setName(String)
C:/GGTS/workspace/Mestrado/FPFNAnalysis/projects/realm-java/revisions/rev_46df8_fa049/rev_46df8-fa049;\examples\concurrencyExample\src\main\java\io\realm\examples\concurrency\model\Person;getAge()
C:/GGTS/workspace/Mestrado/FPFNAnalysis/projects/realm-java/revisions/rev_46df8_fa049/rev_46df8-fa049;\examples\concurrencyExample\src\main\java\io\realm\examples\concurrency\model\Person;setAge(int)
C:/GGTS/workspace/Mestrado/FPFNAnalysis/projects/realm-java/revisions/rev_46df8_fa049/rev_46df8-fa049;\realm\src\main\java\io\realm\RealmList;add(E)
C:/GGTS/workspace/Mestrado/FPFNAnalysis/projects/realm-java/revisions/rev_46df8_fa049/rev_46df8-fa049;\realm\src\main\java\io\realm\RealmResults;minDate(String)
C:/GGTS/workspace/Mestrado/FPFNAnalysis/projects/realm-java/revisions/rev_46df8_fa049/rev_46df8-fa049;\realm\src\main\java\io\realm\RealmResults;maxDate(String)
C:/GGTS/workspace/Mestrado/FPFNAnalysis/projects/realm-java/revisions/rev_46df8_fa049/rev_46df8-fa049;\realm\src\main\java\io\realm\internal\android\LooperThread;getInstance()
C:/GGTS/workspace/Mestrado/FPFNAnalysis/projects/realm-java/revisions/rev_46df8_fa049/rev_46df8-fa049;\realm\src\main\java\io\realm\internal\android\LooperThread;run()
C:/GGTS/workspace/Mestrado/FPFNAnalysis/projects/realm-java/revisions/rev_e154b_e1053/rev_e154b-e1053;\realm\src\androidTest\java\io\realm\RealmObjectTest;setUp()
C:/GGTS/workspace/Mestrado/FPFNAnalysis/projects/realm-java/revisions/rev_e154b_e1053/rev_e154b-e1053;\realm\src\androidTest\java\io\realm\RealmObjectTest;testRealmGetRowReturnsValidRow()
C:/GGTS/workspace/Mestrado/FPFNAnalysis/projects/realm-java/revisions/rev_e154b_e1053/rev_e154b-e1053;\realm\src\androidTest\java\io\realm\RealmResultsTest;setUp()
C:/GGTS/workspace/Mestrado/FPFNAnalysis/projects/realm-java/revisions/rev_e154b_e1053/rev_e154b-e1053;\realm\src\androidTest\java\io\realm\RealmResultsTest;testClearEmptiesTable()
C:/GGTS/workspace/Mestrado/FPFNAnalysis/projects/realm-java/revisions/rev_e154b_e1053/rev_e154b-e1053;\realm\src\androidTest\java\io\realm\RealmResultsTest;testResultListGet()
C:/GGTS/workspace/Mestrado/FPFNAnalysis/projects/realm-java/revisions/rev_e154b_e1053/rev_e154b-e1053;\realm\src\androidTest\java\io\realm\RealmResultsTest;testIsResultListSizeOk()
C:/GGTS/workspace/Mestrado/FPFNAnalysis/projects/realm-java/revisions/rev_e154b_e1053/rev_e154b-e1053;\realm\src\androidTest\java\io\realm\RealmResultsTest;testResultListFirstIsFirst()
C:/GGTS/workspace/Mestrado/FPFNAnalysis/projects/realm-java/revisions/rev_e154b_e1053/rev_e154b-e1053;\realm\src\androidTest\java\io\realm\RealmResultsTest;testResultListLastIsLast()
C:/GGTS/workspace/Mestrado/FPFNAnalysis/projects/realm-java/revisions/rev_e154b_e1053/rev_e154b-e1053;\realm\src\androidTest\java\io\realm\RealmResultsTest;testMinValueIsMinValue()
C:/GGTS/workspace/Mestrado/FPFNAnalysis/projects/realm-java/revisions/rev_e154b_e1053/rev_e154b-e1053;\realm\src\androidTest\java\io\realm\RealmResultsTest;testMaxValueIsMaxValue()
C:/GGTS/workspace/Mestrado/FPFNAnalysis/projects/realm-java/revisions/rev_e154b_e1053/rev_e154b-e1053;\realm\src\androidTest\java\io\realm\RealmResultsTest;testSumGivesCorrectValue()
C:/GGTS/workspace/Mestrado/FPFNAnalysis/projects/realm-java/revisions/rev_e154b_e1053/rev_e154b-e1053;\realm\src\androidTest\java\io\realm\RealmResultsTest;testAvgGivesCorrectValue()
C:/GGTS/workspace/Mestrado/FPFNAnalysis/projects/realm-java/revisions/rev_e154b_e1053/rev_e154b-e1053;\realm\src\androidTest\java\io\realm\RealmResultsTest;testRemoveIsResultListSizeOk()
C:/GGTS/workspace/Mestrado/FPFNAnalysis/projects/realm-java/revisions/rev_e154b_e1053/rev_e154b-e1053;\realm\src\androidTest\java\io\realm\RealmResultsTest;testIsResultRemoveLastListSizeOk()
C:/GGTS/workspace/Mestrado/FPFNAnalysis/projects/realm-java/revisions/rev_e154b_e1053/rev_e154b-e1053;\realm\src\androidTest\java\io\realm\RealmTest;setUp()
C:/GGTS/workspace/Mestrado/FPFNAnalysis/projects/realm-java/revisions/rev_e154b_e1053/rev_e154b-e1053;\realm\src\androidTest\java\io\realm\RealmTest;getNotifications(int)
C:/GGTS/workspace/Mestrado/FPFNAnalysis/projects/realm-java/revisions/rev_e154b_e1053/rev_e154b-e1053;\realm\src\androidTest\java\io\realm\RealmTest;testShouldCreateRealm()
C:/GGTS/workspace/Mestrado/FPFNAnalysis/projects/realm-java/revisions/rev_e154b_e1053/rev_e154b-e1053;\realm\src\androidTest\java\io\realm\RealmTest;testShouldNotFailCreateRealmWithNullContext()
C:/GGTS/workspace/Mestrado/FPFNAnalysis/projects/realm-java/revisions/rev_e154b_e1053/rev_e154b-e1053;\realm\src\androidTest\java\io\realm\RealmTest;testShouldGetTable()
C:/GGTS/workspace/Mestrado/FPFNAnalysis/projects/realm-java/revisions/rev_e154b_e1053/rev_e154b-e1053;\realm\src\androidTest\java\io\realm\RealmTest;testShouldRemoveRow()
C:/GGTS/workspace/Mestrado/FPFNAnalysis/projects/realm-java/revisions/rev_e154b_e1053/rev_e154b-e1053;\realm\src\androidTest\java\io\realm\RealmTest;testShouldGetObject()
C:/GGTS/workspace/Mestrado/FPFNAnalysis/projects/realm-java/revisions/rev_e154b_e1053/rev_e154b-e1053;\realm\src\androidTest\java\io\realm\RealmTest;testShouldContainTable()
C:/GGTS/workspace/Mestrado/FPFNAnalysis/projects/realm-java/revisions/rev_e154b_e1053/rev_e154b-e1053;\realm\src\androidTest\java\io\realm\RealmTest;testShouldNotContainTable()
C:/GGTS/workspace/Mestrado/FPFNAnalysis/projects/realm-java/revisions/rev_e154b_e1053/rev_e154b-e1053;\realm\src\androidTest\java\io\realm\RealmTest;testShouldReturnResultSet()
C:/GGTS/workspace/Mestrado/FPFNAnalysis/projects/realm-java/revisions/rev_e154b_e1053/rev_e154b-e1053;\realm\src\androidTest\java\io\realm\RealmTest;testQueriesResults()
C:/GGTS/workspace/Mestrado/FPFNAnalysis/projects/realm-java/revisions/rev_e154b_e1053/rev_e154b-e1053;\realm\src\androidTest\java\io\realm\RealmTest;testQueriesFailWithWrongDataTypes()
C:/GGTS/workspace/Mestrado/FPFNAnalysis/projects/realm-java/revisions/rev_e154b_e1053/rev_e154b-e1053;\realm\src\androidTest\java\io\realm\RealmTest;testQueriesFailWithInvalidDataTypes()
C:/GGTS/workspace/Mestrado/FPFNAnalysis/projects/realm-java/revisions/rev_e154b_e1053/rev_e154b-e1053;\realm\src\androidTest\java\io\realm\RealmTest;testQueriesFailWithNullQueryValue()
C:/GGTS/workspace/Mestrado/FPFNAnalysis/projects/realm-java/revisions/rev_e154b_e1053/rev_e154b-e1053;\realm\src\androidTest\java\io\realm\RealmTest;testShouldReturnTableOrViewList()
C:/GGTS/workspace/Mestrado/FPFNAnalysis/projects/realm-java/revisions/rev_e154b_e1053/rev_e154b-e1053;\realm\src\androidTest\java\io\realm\RealmTest;testChangeNotify()
C:/GGTS/workspace/Mestrado/FPFNAnalysis/projects/realm-java/revisions/rev_e154b_e1053/rev_e154b-e1053;\realm\src\androidTest\java\io\realm\RealmTest;testChangeNotifyRemove()
C:/GGTS/workspace/Mestrado/FPFNAnalysis/projects/realm-java/revisions/rev_e154b_e1053/rev_e154b-e1053;\realm\src\androidTest\java\io\realm\RealmTest;testFailChangeNotifyNoListener()
C:/GGTS/workspace/Mestrado/FPFNAnalysis/projects/realm-java/revisions/rev_e154b_e1053/rev_e154b-e1053;\realm\src\androidTest\java\io\realm\RealmTest;testRemoveAllChangeListeners()
C:/GGTS/workspace/Mestrado/FPFNAnalysis/projects/realm-java/revisions/rev_e154b_e1053/rev_e154b-e1053;\realm\src\androidTest\java\io\realm\RealmTest;testFailRemoveAllChangeListeners()
C:/GGTS/workspace/Mestrado/FPFNAnalysis/projects/realm-java/revisions/rev_e154b_e1053/rev_e154b-e1053;\realm\src\androidTest\java\io\realm\RealmTest;testChangeUpdateFromOtherThread()
C:/GGTS/workspace/Mestrado/FPFNAnalysis/projects/realm-java/revisions/rev_e154b_e1053/rev_e154b-e1053;\realm\src\androidTest\java\io\realm\RealmTest;testBeginTransaction()
C:/GGTS/workspace/Mestrado/FPFNAnalysis/projects/realm-java/revisions/rev_e154b_e1053/rev_e154b-e1053;\realm\src\androidTest\java\io\realm\RealmTest;testCommitTransaction()
C:/GGTS/workspace/Mestrado/FPFNAnalysis/projects/realm-java/revisions/rev_e154b_e1053/rev_e154b-e1053;\realm\src\androidTest\java\io\realm\RealmTest;testClassClear()
C:/GGTS/workspace/Mestrado/FPFNAnalysis/projects/realm-java/revisions/rev_e154b_e1053/rev_e154b-e1053;\realm\src\androidTest\java\io\realm\RealmTest;testClassClearWithTwoTables()
C:/GGTS/workspace/Mestrado/FPFNAnalysis/projects/realm-java/revisions/rev_e154b_e1053/rev_e154b-e1053;\realm\src\androidTest\java\io\realm\RealmTest;testGetVersion()
C:/GGTS/workspace/Mestrado/FPFNAnalysis/projects/realm-java/revisions/rev_e154b_e1053/rev_e154b-e1053;\realm\src\androidTest\java\io\realm\RealmTest;testSetVersion()
C:/GGTS/workspace/Mestrado/FPFNAnalysis/projects/realm-java/revisions/rev_e154b_e1053/rev_e154b-e1053;\realm\src\androidTest\java\io\realm\RealmTest;testShouldFailOutsideTransaction()
C:/GGTS/workspace/Mestrado/FPFNAnalysis/projects/realm-java/revisions/rev_e154b_e1053/rev_e154b-e1053;\realm\src\androidTest\java\io\realm\RealmTest;testRealmQueryBetween()
C:/GGTS/workspace/Mestrado/FPFNAnalysis/projects/realm-java/revisions/rev_e154b_e1053/rev_e154b-e1053;\realm\src\androidTest\java\io\realm\RealmTest;testRealmQueryGreaterThan()
C:/GGTS/workspace/Mestrado/FPFNAnalysis/projects/realm-java/revisions/rev_e154b_e1053/rev_e154b-e1053;\realm\src\androidTest\java\io\realm\RealmTest;testRealmQueryGreaterThanOrEqualTo()
C:/GGTS/workspace/Mestrado/FPFNAnalysis/projects/realm-java/revisions/rev_e154b_e1053/rev_e154b-e1053;\realm\src\androidTest\java\io\realm\RealmTest;testRealmQueryOr()
C:/GGTS/workspace/Mestrado/FPFNAnalysis/projects/realm-java/revisions/rev_e154b_e1053/rev_e154b-e1053;\realm\src\androidTest\java\io\realm\RealmTest;testRealmQueryImplicitAnd()
C:/GGTS/workspace/Mestrado/FPFNAnalysis/projects/realm-java/revisions/rev_e154b_e1053/rev_e154b-e1053;\realm\src\androidTest\java\io\realm\RealmTest;testRealmQueryLessThan()
C:/GGTS/workspace/Mestrado/FPFNAnalysis/projects/realm-java/revisions/rev_e154b_e1053/rev_e154b-e1053;\realm\src\androidTest\java\io\realm\RealmTest;testRealmQueryLessThanOrEqual()
C:/GGTS/workspace/Mestrado/FPFNAnalysis/projects/realm-java/revisions/rev_e154b_e1053/rev_e154b-e1053;\realm\src\androidTest\java\io\realm\RealmTest;testRealmQueryEqualTo()
C:/GGTS/workspace/Mestrado/FPFNAnalysis/projects/realm-java/revisions/rev_e154b_e1053/rev_e154b-e1053;\realm\src\androidTest\java\io\realm\RealmTest;testRealmQueryNotEqualTo()
C:/GGTS/workspace/Mestrado/FPFNAnalysis/projects/realm-java/revisions/rev_e154b_e1053/rev_e154b-e1053;\realm\src\androidTest\java\io\realm\entities\AllTypes;getColumnString()
C:/GGTS/workspace/Mestrado/FPFNAnalysis/projects/realm-java/revisions/rev_e154b_e1053/rev_e154b-e1053;\realm\src\androidTest\java\io\realm\entities\AllTypes;setColumnString(String)
C:/GGTS/workspace/Mestrado/FPFNAnalysis/projects/realm-java/revisions/rev_e154b_e1053/rev_e154b-e1053;\realm\src\androidTest\java\io\realm\entities\AllTypes;getColumnLong()
C:/GGTS/workspace/Mestrado/FPFNAnalysis/projects/realm-java/revisions/rev_e154b_e1053/rev_e154b-e1053;\realm\src\androidTest\java\io\realm\entities\AllTypes;setColumnLong(long)
C:/GGTS/workspace/Mestrado/FPFNAnalysis/projects/realm-java/revisions/rev_e154b_e1053/rev_e154b-e1053;\realm\src\androidTest\java\io\realm\entities\AllTypes;getColumnFloat()
C:/GGTS/workspace/Mestrado/FPFNAnalysis/projects/realm-java/revisions/rev_e154b_e1053/rev_e154b-e1053;\realm\src\androidTest\java\io\realm\entities\AllTypes;setColumnFloat(float)
C:/GGTS/workspace/Mestrado/FPFNAnalysis/projects/realm-java/revisions/rev_e154b_e1053/rev_e154b-e1053;\realm\src\androidTest\java\io\realm\entities\AllTypes;getColumnDouble()
C:/GGTS/workspace/Mestrado/FPFNAnalysis/projects/realm-java/revisions/rev_e154b_e1053/rev_e154b-e1053;\realm\src\androidTest\java\io\realm\entities\AllTypes;setColumnDouble(double)
C:/GGTS/workspace/Mestrado/FPFNAnalysis/projects/realm-java/revisions/rev_e154b_e1053/rev_e154b-e1053;\realm\src\androidTest\java\io\realm\entities\AllTypes;isColumnBoolean()
C:/GGTS/workspace/Mestrado/FPFNAnalysis/projects/realm-java/revisions/rev_e154b_e1053/rev_e154b-e1053;\realm\src\androidTest\java\io\realm\entities\AllTypes;setColumnBoolean(boolean)
C:/GGTS/workspace/Mestrado/FPFNAnalysis/projects/realm-java/revisions/rev_e154b_e1053/rev_e154b-e1053;\realm\src\androidTest\java\io\realm\entities\AllTypes;getColumnDate()
C:/GGTS/workspace/Mestrado/FPFNAnalysis/projects/realm-java/revisions/rev_e154b_e1053/rev_e154b-e1053;\realm\src\androidTest\java\io\realm\entities\AllTypes;setColumnDate(Date)
C:/GGTS/workspace/Mestrado/FPFNAnalysis/projects/realm-java/revisions/rev_e154b_e1053/rev_e154b-e1053;\realm\src\androidTest\java\io\realm\entities\AllTypes;getColumnBinary()
C:/GGTS/workspace/Mestrado/FPFNAnalysis/projects/realm-java/revisions/rev_e154b_e1053/rev_e154b-e1053;\realm\src\androidTest\java\io\realm\entities\AllTypes;setColumnBinary(byte[])
C:/GGTS/workspace/Mestrado/FPFNAnalysis/projects/realm-java/revisions/rev_e154b_e1053/rev_e154b-e1053;\realm\src\androidTest\java\io\realm\entities\AllTypes;getColumnRealmObject()
C:/GGTS/workspace/Mestrado/FPFNAnalysis/projects/realm-java/revisions/rev_e154b_e1053/rev_e154b-e1053;\realm\src\androidTest\java\io\realm\entities\AllTypes;setColumnRealmObject(Dog)
C:/GGTS/workspace/Mestrado/FPFNAnalysis/projects/realm-java/revisions/rev_e154b_e1053/rev_e154b-e1053;\realm\src\androidTest\java\io\realm\entities\Dog;getName()
C:/GGTS/workspace/Mestrado/FPFNAnalysis/projects/realm-java/revisions/rev_e154b_e1053/rev_e154b-e1053;\realm\src\androidTest\java\io\realm\entities\Dog;setName(String)
C:/GGTS/workspace/Mestrado/FPFNAnalysis/projects/realm-java/revisions/rev_a888f_5f95f/rev_a888f-5f95f;\examples\introExample\src\main\java\io\realm\examples\intro\RealmIntroExampleActivity;realmExamples()
C:/GGTS/workspace/Mestrado/FPFNAnalysis/projects/realm-java/revisions/rev_a888f_5f95f/rev_a888f-5f95f;\examples\introExample\src\main\java\io\realm\examples\intro\RealmIntroExampleActivity;basicCRUD(Realm)
C:/GGTS/workspace/Mestrado/FPFNAnalysis/projects/realm-java/revisions/rev_a888f_5f95f/rev_a888f-5f95f;\examples\introExample\src\main\java\io\realm\examples\intro\RealmIntroExampleActivity;basicQuery(Realm)
C:/GGTS/workspace/Mestrado/FPFNAnalysis/projects/realm-java/revisions/rev_a888f_5f95f/rev_a888f-5f95f;\examples\introExample\src\main\java\io\realm\examples\intro\RealmIntroExampleActivity;complexReadWrite()
C:/GGTS/workspace/Mestrado/FPFNAnalysis/projects/realm-java/revisions/rev_a888f_5f95f/rev_a888f-5f95f;\examples\introExample\src\main\java\io\realm\examples\intro\RealmIntroExampleActivity;complexQuery()
C:/GGTS/workspace/Mestrado/FPFNAnalysis/projects/realm-java/revisions/rev_a888f_5f95f/rev_a888f-5f95f;\examples\introExample\src\main\java\io\realm\examples\intro\RealmIntroExampleActivity;onCreate(Bundle)
C:/GGTS/workspace/Mestrado/FPFNAnalysis/projects/realm-java/revisions/rev_a888f_5f95f/rev_a888f-5f95f;\examples\introExample\src\main\java\io\realm\examples\intro\RealmIntroExampleActivity;showStatus(String)
C:/GGTS/workspace/Mestrado/FPFNAnalysis/projects/realm-java/revisions/rev_a888f_5f95f/rev_a888f-5f95f;\examples\introExample\src\main\java\io\realm\examples\intro\model\Cat;getName()
C:/GGTS/workspace/Mestrado/FPFNAnalysis/projects/realm-java/revisions/rev_a888f_5f95f/rev_a888f-5f95f;\examples\introExample\src\main\java\io\realm\examples\intro\model\Cat;setName(String)
C:/GGTS/workspace/Mestrado/FPFNAnalysis/projects/realm-java/revisions/rev_a888f_5f95f/rev_a888f-5f95f;\examples\introExample\src\main\java\io\realm\examples\intro\model\Dog;getName()
C:/GGTS/workspace/Mestrado/FPFNAnalysis/projects/realm-java/revisions/rev_a888f_5f95f/rev_a888f-5f95f;\examples\introExample\src\main\java\io\realm\examples\intro\model\Dog;setName(String)
C:/GGTS/workspace/Mestrado/FPFNAnalysis/projects/realm-java/revisions/rev_a888f_5f95f/rev_a888f-5f95f;\examples\introExample\src\main\java\io\realm\examples\intro\model\Person;getName()
C:/GGTS/workspace/Mestrado/FPFNAnalysis/projects/realm-java/revisions/rev_a888f_5f95f/rev_a888f-5f95f;\examples\introExample\src\main\java\io\realm\examples\intro\model\Person;setName(String)
C:/GGTS/workspace/Mestrado/FPFNAnalysis/projects/realm-java/revisions/rev_a888f_5f95f/rev_a888f-5f95f;\examples\introExample\src\main\java\io\realm\examples\intro\model\Person;getAge()
C:/GGTS/workspace/Mestrado/FPFNAnalysis/projects/realm-java/revisions/rev_a888f_5f95f/rev_a888f-5f95f;\examples\introExample\src\main\java\io\realm\examples\intro\model\Person;setAge(int)
C:/GGTS/workspace/Mestrado/FPFNAnalysis/projects/realm-java/revisions/rev_a888f_5f95f/rev_a888f-5f95f;\examples\introExample\src\main\java\io\realm\examples\intro\model\Person;getDog()
C:/GGTS/workspace/Mestrado/FPFNAnalysis/projects/realm-java/revisions/rev_a888f_5f95f/rev_a888f-5f95f;\examples\introExample\src\main\java\io\realm\examples\intro\model\Person;setDog(Dog)
C:/GGTS/workspace/Mestrado/FPFNAnalysis/projects/realm-java/revisions/rev_a888f_5f95f/rev_a888f-5f95f;\examples\introExample\src\main\java\io\realm\examples\intro\model\Person;getCats()
C:/GGTS/workspace/Mestrado/FPFNAnalysis/projects/realm-java/revisions/rev_a888f_5f95f/rev_a888f-5f95f;\examples\introExample\src\main\java\io\realm\examples\intro\model\Person;setCats(RealmList<Cat>)
C:/GGTS/workspace/Mestrado/FPFNAnalysis/projects/realm-java/revisions/rev_a888f_5f95f/rev_a888f-5f95f;\examples\introExample\src\main\java\io\realm\examples\intro\model\Person;getTempReference()
C:/GGTS/workspace/Mestrado/FPFNAnalysis/projects/realm-java/revisions/rev_a888f_5f95f/rev_a888f-5f95f;\examples\introExample\src\main\java\io\realm\examples\intro\model\Person;setTempReference(int)
